poiID,商家名,平均得分,地址,平均价格,获得评论总数
194644177,野妹经典火锅（新佳丽店）,4.1,江汉区中山大道818号新佳丽广场5楼,63,41
6742130,大溪烤鱼（光谷店）,4.5,洪山区光谷步行街意大利风情街5号楼五楼,56,35614
744536,紫燕百味鸡（百步亭店）,3.9,江岸区百步亭花园温馨苑D区5号商铺,20,3109
160171164,八合里海记（街道口店）,4.2,洪山区珞喻路阜华大厦流行视窗2楼（距地铁2号线街道口站B出口50米）,62,819
2410021,锅之恋焖锅烤鱼（江汉路店）,4.5,江汉区江汉路步行街长盛广场2楼（中心百货斜对面，屈臣氏上面）,46,30018
5335418,玛格利塔（徐东平价店）,4.5,洪山区徐东大街31号（徐东平价一楼）,20,7901
192632735,老灶门串串香（万松园店）,5,江汉区雪松路71号,55,430
6546524,老房子春江花月民风酒楼,3.9,武昌区中北路252号普提金商务中心B座2F（近中北路）,65,2926
5547288,京滏山自助烤肉海鲜火锅（金滏山品牌升级店）（鲁巷广场购物中心店）,3.9,洪山区珞喻路726号（鲁巷广场购物中心6层）,44,84691
194379111,零度·冰火锅概念餐厅（吉庆街店）,5,江汉区交易街3号二楼（交易街与吉庆街交叉口，space酒吧旁）,88,103
5554797,亮亮烧烤（光谷软件园店）,5,洪山区关山大道与软件园路交叉口西南角中建康城西区底商,52,14859
746117,凯威啤酒屋（销品茂店）,4.3,武昌区徐东大街18号销品茂5层（凯威啤酒屋旁）,72,13809
193982131,渔尚行音乐火锅中餐（江汉路店）,5,江汉区江汉一路欧力新天地旁璇宫饭店2楼,71,97
42013159,海乐汇小海鲜（常青店）,5,东西湖区金银潭大道永旺梦乐城一楼,50,12665
40995875,金谷一韩式料理自助餐厅（佰港城店）,3.9,洪山区文治街与丁字桥南路交叉路口东南角佰港城4层,57,13325
592422377,橘味·星选味道,4.6,洪山区光谷步行街一期5楼大洋百货对面,62,17
2469846,墨记烤牛蛙（悦荟广场店）,5,江汉区民生路176号悦荟广场B座1层b276室（地铁2号线江汉路站）,13,17643
6742130,大溪烤鱼（光谷店）,4.5,洪山区光谷步行街意大利风情街5号楼五楼,56,35614
187959145,尊品味小郡肝串串香（江夏店）,5,江夏区熊廷弼街138号,49,366
5571696,丽小馆·家料理（武商众圆广场店）,3.8,青山区和平大道959号武商众圆广场5层509,49,3596
2410021,锅之恋焖锅烤鱼（江汉路店）,4.5,江汉区江汉路步行街长盛广场2楼（中心百货斜对面，屈臣氏上面）,46,30018
194789123,小京铜老北京涮羊肉（江汉路店）,3.5,江汉区民生路205号附3,63,315
52735081,项姐烤猪蹄（澳门美食街）,4.5,洪山区光谷步行街1期3楼澳门街美食城内B013,10,4516
4557254,跳跳蛙（司门口店）,4.5,武昌区解放路司门口环球电影城前行50米,49,3470
40029851,橘味餐厅（银泰创意城店）,3.9,洪山区珞瑜路35号银泰创意城9层,45,7166
4955388,汤思福北京烤鸭（我家厨房）,4.7,蔡甸区宁康路湘隆时代广场A区10栋2楼（宁康园车站对面，中国电信旁，招商银行楼上）,30,14362
740750,凤爪烧烤,4.3,武昌区武昌中华路都景园10号（近中华路派出所）,40,2697
1133657226,炊牛酒馆,3.5,洪山区武昌府花样街,68,1
6873328,八喜冰淇淋蛋糕（武胜路凯德店）,4.6,硚口区万安国际25楼2510室（地铁六号线武胜路站A出口向硚口方向前行40米至操场角路口）,103,808
744536,紫燕百味鸡（百步亭店）,3.9,江岸区百步亭花园温馨苑D区5号商铺,20,3109
193681581,零度·冰火锅概念餐厅（凯德西城店）,4.9,硚口区古田二路凯德西城负一楼03-04号5号门,86,112
6075167,贵哥卤肉卷（奥山世纪城店）,4,青山区和平大道819号奥山世纪城B1层（沃尔玛门口）,9,7382
5335418,玛格利塔（徐东平价店）,4.5,洪山区徐东大街31号（徐东平价一楼）,20,7901
193828092,小名堂烧烤（恩施街店）,3.9,青山区恩施街17号,58,104
5131823,麦格芬牛排中西餐厅（万达广场店）,4,蔡甸区东风大道111号万达广场万达金街（万达三号门附近）,44,15108
5151532,六婆串串香（汉口城市广场店）,3.8,江岸区后湖大道111号汉口城市广场1层（外围）,57,7070
1762035290,桃花醉小酒馆（泛海城市广场店）,3.5,江汉区云杉路泛海城市广场悦海园9号商铺,71,10
5633439,海贼王主题冰淇淋,4.6,洪山区虎泉街创意坊1楼（地铁二号线虎泉站）,14,2731
40161740,云间云贵传奇风味（永旺梦乐城店）,3.9,东西湖区金银潭大道1号永旺梦乐城2层（近二号线金银潭A出口，常青花园对面）,55,1874
193419990,异次元•美食酒廊,4,武昌区武珞路421号帝斯曼购物中心L6,85,18
766151,李二鲜鱼村（金墩路店）,4.1,江汉区金墩街红旗公寓门口（距汉口火车站约855米）,42,2413
4050450,川行天下（中百百货店）,3.7,江夏区文华路37号中百百货5层,47,8191
192085584,大赞红门川湘菜（吾行里店）,4.9,青山区和平大道1248号吾行里一楼（吾行里一楼）,59,174
5792382,薄冰羊肉粉（华罗利广场店）,5,洪山区民族大道华罗利广场2楼E02号,12,2016
6005863,老渔翁鱼火锅（东西湖大道店）,4.7,东西湖区东西湖大道6541号,38,1473
187771642,重庆鼻祖老火锅（江汉路店）,4.9,江汉区湖北省武汉市江汉区江汉路宝利金广场内（小川料理旁）,69,271
41272550,尚渔味烤鱼（金银潭永旺梦乐城店）,5,东西湖区金银潭大道1号永旺梦乐城2层,68,6725
6023271,辣得跳（光谷天地店）,4,洪山区关山大道光谷天地沃尔玛一楼美食街,14,5952
194349987,嗨辣串串·成都串串（吉庆街店）,5,江岸区吉庆街鼎新里6号（保成路夜市旁  大智派出所保成社区警务室对面）,54,54
1496465,东北人烤肉之火石肉堂（汉商21世纪中心店）,4.7,汉阳区汉阳大道577号汉商21世纪购物中心4层,48,9890
6200595,新粤粥府（鲁巷广场购物中心店）,3.7,洪山区珞喻路726号鲁巷广场购物中心6层（地铁2号线光谷广场站F口）,49,6468
183978872,零度·冰火锅概念餐厅（人信汇店）,5,汉阳区龙阳大道58号人信汇C馆5楼503,71,551
4426164,老三烤鱼,4.2,蔡甸区三角湖路泰合百花公园观景楼2层23号商铺,33,2736
42565232,豪大大香鸡排,5,蔡甸区宁康路58号11栋附4,13,1683
185536739,火火串火锅串串香（名城8090店）,5,江夏区金桂街名城8090花园5栋1-2层1商室（二楼）,58,107
40061617,鱼友烤全鱼（虎泉时尚创意坊店）,4.2,洪山区珞南街道虎泉街91附3号（虎泉创意坊二楼，地铁二号线虎泉站）,49,5952
746117,凯威啤酒屋（销品茂店）,4.3,武昌区徐东大街18号销品茂5层（凯威啤酒屋旁）,72,13809
78675739,渝井鲤重庆老火锅（光谷旗舰店）,3.7,洪山区常青藤路广夏华庭2附11（德国风情街侧五粮液对面）,80,745
1556085,汉香宴域正宗秘制辣卤牛蛙,4,江汉区民生路176号武汉万达商业广场B栋一层119号,54,1945
737759,楚山城菜馆（虎泉店）,4.3,洪山区虎泉街87附6号(卓刀泉市场对面),37,2713
193994566,伙结老武汉烧烤,4.4,蔡甸区经开金街东风大道111号,73,32
4239555,戈雅法餐厅（世界城广场店）,4.3,洪山区珞喻路726号世界城广场2层（近省中医院）,199,3390
5344746,梅园宾馆自助餐厅,4.5,硚口区解放大道体育馆1089-11号北（同济医院旁）,109,6318
194383319,妥妥TOTAL'S烤肉料理（昙华林店）,4.2,武昌区中山路泛悦汇昙华林A1座星巴克二楼一整层,86,15
5547288,京滏山自助烤肉海鲜火锅（金滏山品牌升级店）（鲁巷广场购物中心店）,3.9,洪山区珞喻路726号（鲁巷广场购物中心6层）,44,84691
3292457,重庆秦妈火锅（王家湾店）,4.3,汉阳区龙阳大道33号汉商21世纪购物中心3楼,50,8326
1893204092,鸡小萌椰子鸡,0,江汉区江汉一路19号欧利新天地二楼19-2-03铺面,70,0
41938493,永兴家味.湖北特色菜馆（永旺梦乐城店）,3.5,东西湖区金银潭大道1号永旺梦乐城3层永旺百货内,41,4593
42542072,烤尚宫韩式自助餐厅（中核世纪广场店）,3.7,蔡甸区汉阳大街中核世纪广场三楼,46,6611
195170855,么喱烤肉（湖经店）,3.4,江夏区杨桥湖大道15号,65,73
4891248,豪大大香鸡排（奥山世纪城店）,4.6,青山区和平大道819号奥山世纪城3层（奇奇乐园大门）,12,8839
40949324,鬼味炸炸,3.6,汉阳区鹦鹉大道汉商银座小吃街后门（鬼味海鲜旁边）,15,7894
194322137,谭鸭血老火锅（光谷广场店）,5,洪山区民族大道民院路124号龙安酒店隔壁 （2号线光谷广场C出口南行200米路东）,94,56
41791178,熊哥海鲜烧烤（后湖店）,4.1,江岸区秋桂街12号,37,2073
1468978,简朴寨（黄鹤楼店）,3.9,武昌区武珞路首义新村188号（首义广场欢乐城对面）,46,3012
194293529,漫餐厅,3.7,汉阳区汉阳大道汉商银座购物中心2楼,50,3270
42522908,幸福时光蛋糕（光谷广场店）,3.9,洪山区珞喻路998号光谷国际广场（中心花园第A幢A层099号房，近鲁巷广场，光谷大洋百货）,0,2047
41605051,五谷渔粉（光谷天地店）,3.9,洪山区关山大道关谷天地沃尔玛一楼（真快活美食乐园美食天地对面）,11,2093
194322137,谭鸭血老火锅（光谷广场店）,5,洪山区民族大道民院路124号龙安酒店隔壁 （2号线光谷广场C出口南行200米路东）,94,56
750766,樱花雨寿司,5,武昌区后长街80号黄鹤楼小区一期1-2层,24,3580
40807181,薯格排骨（汉商21世纪店）,4.2,汉阳区汉阳大道汉商21世纪4楼环球世宇电玩城后面,12,3181
874654539,酒拾烤肉（湖北大学店）,5,武昌区友谊大道118号（7号线湖北大学站A出口50米莲心斋旁）,49,118
6546524,老房子春江花月民风酒楼,3.9,武昌区中北路252号普提金商务中心B座2F（近中北路）,65,2926
42902189,大长今韩式自助烤肉（中百广场店）,3.5,江夏区文华大道中百广场5楼大长今,52,12878
192149209,玛雅酱香鱼头（万松园店）,3.7,江汉区雪松路63号,66,23
745587,小张烤鱼（王家湾店）,3.7,汉阳区王家湾汉商21世纪购物中心5楼,40,7038
41132609,蛋挞皇后（奥山世纪城店）,4.2,青山区和平大道819号奥山世纪城B1层,12,3049
194758820,有秦怀鲜卤市井火锅,3.8,蔡甸区经开金街东风大道111号附97,77,18
6926612,百年川椒火锅.秘制小龙虾（光谷店）,3.9,洪山区关山大道哈乐城2楼（保利时代）,82,1969
41134530,一麻一辣（荟聚中心店）,3.3,东西湖区园博大道1号荟聚中心4楼（轻轨竹叶海站）,54,1551
194154879,三更浪小海鲜打边炉（汉街店）,3.9,武昌区松竹路汉街第三街区环球国际中心三号楼k6-3-11号,104,23
42517472,湖北中核国际酒店·香榭丽舍西餐厅,3.7,蔡甸区凤凰山开发区凤凰路1号湖北中核国际酒店2楼香榭丽舍西餐厅,100,716
6275241,朝天门（黄陂店）,3.9,黄陂区双凤大道448号（电力局旁）,58,5374
1432021256,地锅传奇（江夏总店）,3.5,江夏区文化大道沙羡街东21号,55,2
796883,鑫皇朝酒店,4.3,青山区和平大道与建设一路路口南侧（就是鑫皇朝酒店）,58,4723
2554256,欧尚蛋糕（首义店）,3.9,武昌区烈士街84号（首义广场旁）,50,4441
193570419,回味往事音乐酒馆（大智路店）,4.6,江岸区大智路大智無界·空中小镇二楼,77,39
2456671,满堂红串串香（江汉路步行街店）,4.3,江岸区江汉路步行街126号新长盛广场4层,47,26371
4177212,楚香巴土印象（群星城店）,3.8,武昌区徐东大街120号群星城4层,48,4175
193150713,一号虾铺,4.8,洪山区南湖书城路特9号,73,58
41028741,泰迪厨房（永旺梦乐城店）,4,东西湖区金银潭大道1号永旺梦乐城1层,44,8117
737724,汉和京都日本料理,3.9,江汉区京汉大道826号与前进五路交汇处（循礼门地铁站C出口）,101,1840
195897682,梅家水浒烤肉,5,洪山区智和路工业三路74号,58,80
1892707,一品韩山韩式自助烤肉（新世界百货店）,3.3,江岸区江汉路118号港澳中心新世界百货5层（金汉斯旁）,43,15006
4647522,榴芒记（万达广场店）,4.4,蔡甸区东风大道111号万达广场万达金街C51（出万达广场3号门右拐斜对面）,24,6175
193470966,凤求凰烧烤·汉服体验店（光谷店）,4.2,洪山区关山梳子桥广厦华庭5栋1层5-105,51,54
4128659,金滏山自助烤肉海鲜火锅（江汉路店）,3.5,江汉区花楼街198号老鼠街商城3楼,45,40151
40791673,重庆岔的吃自助老火锅（欧利新天地店）,3.2,江汉区江汉一路19号（璇宫饭店房）,50,10956
185299931,火塘烤肉,4.3,青山区恩施街与工业一路交口处,65,194
2477825,味发现（大武汉1911店）,3.9,江汉区新华路589号大武汉1911B座1层,49,1292
40149531,豪大大香鸡排,3.9,武昌区中北路普提金商务中心负一层021号,13,2252
162951414,奈雪の茶（汉街万达店）,4.2,武昌区公正路武汉汉街万达广场1层1032+1033号商铺,30,7
40546993,老街烧烤（民生路总店）,3.8,江汉区民生路187号（大洋百货侧对面，李二鲜鱼火锅一楼）,51,4642
41770231,宇轩阁时尚海鲜自助烤肉火锅店,3.7,江夏区藏龙岛杨桥湖大道阳光时尚高德影院一楼（湖北经济学院法商学对面）,39,4133
194550052,得劲儿焖烤肉串（江汉店）,5,江汉区江汉一路欧利新天地二楼,64,44
1026455,尚福宴酒店（国博店）,4.4,汉阳区阳新路特1号（世茂锦绣长江小区门口的十字路口）,49,2053
6184304,金谷南韩式自助烧烤餐厅（武胜路凯德广场店）,3.9,硚口区中山大道238号武胜路江汉一桥上桥处凯德广场B1层,51,16331
194767222,老鞑子瓦片烤肉（青山店）,4.3,青山区工业二路黄州街29-4号（钢城十九小学斜对面）,48,36
50988080,李二鲜鱼火锅（光谷意大利风情街店）,3.9,洪山区珞雄路光谷意大利风情街3号楼4楼（鑫小城故事旁，教堂旁）,44,6785
40995875,金谷一韩式料理自助餐厅（佰港城店）,3.9,洪山区文治街与丁字桥南路交叉路口东南角佰港城4层,57,13325
1149820,鱼酷活力烤鱼（万达广场店）,5,蔡甸区东风大道经开万达广场三楼3-27，3-28（靠近一号门）,79,1540
745018,雄楚国际大酒店四季西餐厅,5,洪山区雄楚大道335号雄楚国际大酒店内,107,1588
6643692,麻辣香锅（博客美食广场店）,4.3,江汉区新华路642附1号菱角湖万达广场（中百超市旁博客美食广场内）,34,1918
1599462462,好久不见音乐串吧,4.7,洪山区雄楚大道890号附193,59,18
40426761,巴巴爸爸烤肉（二师店）,4.3,洪山区教育中路第二师范学院北门处湖口社区旁,39,2507
40489068,烤吃佬烤鸭脖,4.3,青山区和平大道众圆广场负一楼C区４号,11,4877
193010956,遇见烧烤（鹦鹉风情镇店）,4.1,汉阳区鹦鹉大道拦江路地铁A出口对面（桃源坊KTV对面）,64,46
4570262,老好人蛋糕（新洲店）,4,新洲区中心城区齐安大道307号,19,1511
1898825,李二鲜鱼村（东西湖大道店）,4.3,东西湖区东西湖大道6533号（近舵落口大市场）,40,4481
194705414,楚韵・精致湖北菜（光谷店）,3.8,洪山区光谷步行街一期5楼（野妹火锅旁）,60,43
4170892,蔡灵记铁板烧,4.8,硚口区中山医院旁巷子进去第一个路口左转（桂萍牛杂旁）,38,449
41418170,豪大大香鸡排（武商众圆广场店）,3.9,青山区和平大道959号武商众圆广场B1层,11,2802
163565991,周庄里,4.1,青山区和平大道红坊里40-3栋2楼,60,125
751483,国宾楼,4.9,武昌区友谊大道特1号（武昌区人民政府旁，地铁2号线螃蟹岬站D出口）,68,7253
4294542,月禾宴,4.1,硚口区解放大道578号中御广场3楼（蓝天歌剧院对面）,54,2182
193931099,自留田西北菜（群光广场店）,3.9,洪山区珞喻路6号群光广场1期8楼,68,31
40030028,福园饺子东北菜,4.2,洪山区民族大道时间广场斜对面荷兰风情街,32,431
6379458,米兰西饼生日蛋糕（佳源花都商业街店）,4.8,洪山区湖北第二师范学院佳源花都商业街中间A-13号铺（晨光文具旁，光谷金融港附近）,29,3424
194326633,享等你烤肉（后湖榜YOUNG店）,5,江岸区后湖大道福星惠誉榜YOUNG小区10-7-8,54,129
42216096,烤尚宫时尚烤肉火锅自助餐厅,3.5,江夏区杨桥湖大道阳光时尚117号（湖北经济学院法商院大门对面）,47,6318
42854054,鑫泽园椰子鸡（武车路店）,4.2,武昌区武昌武车路与友谊大道交叉口西南角福星惠誉F6商业街1-202号,60,1425
193684863,牛灯影·私房老火锅,4.5,江岸区胜利街150号,94,7
40292548,贡茶（未来城店）,4.5,洪山区珞狮南路147号未来城购物公园F1层中庭（骰子镇桌游吧旁）,14,1229
741805,江城肥仔虾庄（秦园店）,4.2,武昌区秦园东路水岸星城对面（四干道口旁）,91,3333
194648005,八百里（沙湖路店）,4.5,武昌区沙湖路徐东大道156号附29,103,54
738559,古记鲜（青山店）,4.3,青山区武昌青山和平大道1554号（青山公园建设九路路口）,46,1329
1150158,口福汇酒店,4.3,蔡甸区车城北街118号湘隆时代商业中心B2栋-3号,66,444
193289516,潮江宴酒店,3.7,武昌区中山路309号广西大厦一层（小东门地铁站D出口旁）,57,170
5877924,农家小院（沌口店）,3.6,蔡甸区车城西路佳和馨居旁（育才实验幼儿园对门）,49,1227
2559790,江湖卤智深,4.7,江汉区民生路176号万达商业广场B栋1层277号,15,2529
164404267,铜鼎记老火锅（经济学院店）,5,江夏区杨桥湖大道15号金鹰乐活城2楼,50,649
61531886,韩滏缘自助烤肉海鲜火锅（光谷国际广场店）,3.7,洪山区珞喻路889号（光谷国际广场4层地铁2号线终点光谷广场站F出口旁）,49,20505
40326755,武汉永恒时光食品有限公司（青山店）,5,青山区友谊大道园林路钢都花园127街82门12号,0,886
101704862,牛很鲜潮汕牛肉火锅（凯德广场.1818店）,4.5,武昌区中北路88号凯德广场.1818B1层,79,2662
41514257,A咖时尚饮品（湘隆店）,4.2,蔡甸区经济技术开发区湘隆时代商业中心A区9-13号,10,2229
51095353,顺隆鸭血粉丝,5,洪山区武汉理工大学创业园西面2号,10,3250
194801184,炭窑水浒烤肉（金地广场店）,3.5,洪山区武汉市洪山区金地广场负一楼B1005肯德基对面,75,42
4143098,烧锅鲜麻辣香锅,4.7,江汉区江汉路沃尔玛商场一楼美食街B093（大洋百货背后）,33,537
82617,蒙自源过桥米线（南湖城市广场店）,3.7,洪山区建安街369号南国南湖城市广场负一层第LG-099号商铺,23,4787
193247563,Zook左左客云南风味（湖经店）,4.9,江夏区杨桥湖大道梁山头商业街16号（银兴影院旁）（湖经西北门正对面）,42,45
52874806,千千寻比萨·MISS QIAN（惠济一路店）,5,江岸区惠济一路16号1层,27,673
6155072,美滋美味（悦荟广场店）,4.3,江汉区民生路176号悦荟广场1层B121-122号（近沃尔玛）,26,1347
195196978,么喱烤肉（钟家村店）,4.6,汉阳区汉阳大道钟家村汉商银座3楼,56,14
4787775,梅花王蛋糕（湖大店）,4.4,武昌区武汉湖北大学学院路-1号,10,1204
4032023,巴巴爸爸烤肉+火锅（湖大店）,3.5,武昌区武昌区友谊大道377号付204号（天心商务宾馆楼下）,35,4270
195196978,么喱烤肉（钟家村店）,4.6,汉阳区汉阳大道钟家村汉商银座3楼,56,14
747920,楚天帝冠蛋糕（民族大学店）,4,洪山区民族大道中南民族大学校门口接待中心,21,1975
6121198,王勇秘制烤猪手（happy站台店）,5,江汉区中山大道818号Happy站台美食购物广场C021,15,1833
193780916,小龍鳳·港式海鲜打边炉（沙湖路店）,5,武昌区沙湖路徐东大街28号（肥肥虾庄正背后）,85,6
4089957,萨路德披萨（粮道街店）,4.1,武昌区粮道街257号（武汉中学旁）,21,2831
5824842,武汉马哥孛罗酒店2楼中餐厅,5,江岸区汉口沿江大道159号马哥孛罗酒店二楼,90,95
110360451,锅之恋焖锅烤鱼（摩尔城店）,4.9,汉阳区龙阳大道摩尔城四楼A区1号铺,45,3165
4247956,老狼烤羊（郭茨口店）,5,汉阳区二桥西村95号（琴台大道郭茨口高架桥西路南100米）,48,1100
1498752,铁锅里（汉商21世纪中心店）,3.1,汉阳区汉阳大道577号汉商21世纪购物中心4层,44,6142
687756447,老炭头儿秘制烤牛肉（阳逻店）,3.5,阳逻街区高新街,49,2
742113,台北蛋糕（湘隆店）,3.8,蔡甸区宁康路58号湘隆时代广场A区10栋10号,20,1590
4593959,纽约夯薯疯（众圆店）,5,青山区和平大道众圆广场4F4019C,14,1746
158743609,男票邦火锅（江汉路店）,5,江汉区江汉路步行街长盛广场2楼,43,6077
6348020,李二鲜鱼火锅（五金机电城店）,5,东西湖区田园大道73号（升华工业园西侧20米）,38,1699
41537285,吾饮良品,4.6,汉南区中心城区百花街258号,10,2355
193889418,羊满堂（铁机路旗舰店）,4.1,洪山区铁机路东沙花园8栋一层6号,41,19
5326134,境自在咖啡书店,5,江汉区解放大道557号中山广场写字楼19樓25室（地铁2号线中山公园站E出口）,23,875
1077336,品尚豆捞（工业二路店）,4.6,青山区工业二路17号（丽华园酒店旁）,74,3022
194525456,花子虾蟹馆（虎泉店）,4.6,洪山区卓刀泉路42附3,59,210
40195640,尚嘟茶饮,4.6,黄陂区向阳大道196号（车管所对面）,10,183
42695284,辣上瘾麻辣香锅,3.9,洪山区虎泉街创意坊负1楼,24,599
193742431,肉坨坨现拌烤肉（农科院店）,5,洪山区南湖路（马应龙路与供销学校交叉口）,61,60
1073770,朵森格藏式酸奶坊,4.6,武昌区户部巷自由路4号（国美电器东行50米）,15,556
741995,罗瓦河谷法国餐,4.9,江岸区沿江大道148号（武汉港汉口江滩入口维多利亚酒吧左侧）,103,554
1261594979,牛鼎记烤肉（万松园总店）,3.5,江汉区雪松路26号,65,2
6442391,蚝友记烧烤店（东部购物公园店）,4.2,江岸区解放大道二七路口东部购物公园C3区（二七路肯德基背后）,42,1371
40463783,重庆朝天门火锅（中核店）,3.7,蔡甸区汉阳大街中核世纪广场三楼,59,1737
70824542,霄汉烤羊排（雪松路1店）,3.7,江汉区万松园雪松路50号（地铁2号线王家墩东地铁站C1、C2出口旁）,54,475
41112399,爱莉cake（司门口店）,4.8,武昌区司门口大成路夜市中百仓储旁,101,1258
5619881,豆花妈妈,4.1,洪山区虎泉街卓刀泉市场1号（虎泉医院对面）,6,187
193377055,狠火靠杯,4.3,江岸区台北一路129号,68,47
3305770,武汉万达嘉华酒店美食汇全日餐厅（水果湖街店）,5,武昌区东湖路105号（放鹰桥旁,183,2566
4693391,Corner,4.2,武昌区马道门9号,35,893
194545186,食辣酒稳·艺术餐厅（汉街店）,5,武昌区公正路辅路中央文化区二期k6-15号,98,27
4603944,常相聚油炸店,4.9,青山区恩施街10附3号（近豆蔻园）,31,3225
4876940,街角牛排DIY创意餐厅（福客茂店）,4.3,武昌区友谊大道396号福客茂3层,42,889
179301708,川悦时光,5,武昌区粮道街，文华中学公交车站背后,58,43
5305995,TeaZone茶语寿司,4.5,武昌区珞狮路武汉大学工学部68舍一楼,10,1395
52484173,辣妈麻辣香锅,4.2,汉阳区钟家村特1号中防100诚商家负2层16号-17号商铺（界外2121淘玩街）,24,675
185403436,火麒麟生活菜馆（南湖旗舰店）,4.1,洪山区南湖西路梅荷苑底商,59,11
42118053,嚒嚒哈妮（武展店）,4,江汉区万松街道解放大道374号武展负一楼,11,351
737515,帅府车友饭店中餐厅,4.3,汉阳区龙阳大道26号,42,212
193927616,梓川酒场·特色日料（沌口一店）,5,蔡甸区东风大道湘隆时代中心（明星酒店背后）,113,130
42274720,咖啡陪你（中南店）,5,武昌区武珞路中南国际城A座1楼门面1（金逸影城旁）,49,1471
4160549,榴莲一品（光谷天地店）,3.8,洪山区关山大道光谷天地F区一层G-F-026号,25,450
193927616,梓川酒场·特色日料（沌口一店）,5,蔡甸区东风大道湘隆时代中心（明星酒店背后）,113,130
41062663,谢师傅怪味牛骨头餐厅（南湖店）,5,洪山区丁字桥南路236号江南庭苑幼儿园旁,54,305
6217488,善苜村自助烤肉火锅,3.7,洪山区黄家湖西路东澜岸广场一楼,37,6101
63309900,蒸虾壹号烤全羊蒙古包（后湖店）,3.7,江岸区后湖大道与温馨路交汇处,124,631
6640878,易新汉堡,4.3,洪山区工大路与洪达巷路口（石牌岭东一路15号,17,221
4481327,咖啡陪你（绿地国际金融城饕界店）,4.3,武昌区和平大道绿地国际金融城饕界,32,361
95944871,小亮蒸虾·8号院子花园餐厅（东西湖店）,4.9,东西湖区东吴大道与吴西路交口西北角,90,404
41438216,香米缘时尚简餐（菱角湖万达店）,3.8,江汉区新华路642附1号菱角湖万达广场旁（地铁2号线范湖站）,18,927
42268636,柠檬王子（天空城店）,4.1,洪山区光谷步行街四楼火星美食城,9,1109
158704112,东山真觉·茶食艺,4.5,江汉区淮海路泛海国际SOHO城7栋1205,230,0
42163955,品冠蛋糕（东西湖店）,4.8,东西湖区吴中街沿海国际中心办公楼8栋705室,22,713
41580302,朝天门（拉徳芳斯店）,3.4,洪山区拉德芳斯二楼（华中科技大学武昌分校对面）,56,1203
195821886,廿十八·光谷雲顶私房會館,3.8,洪山区珞喻路726号武汉华美达酒店28层,169,20
6725590,梅花王蛋糕（中百总店）,4.3,蔡甸区蔡正路,13,345
42718878,世纪品湘坊时尚餐厅,3.8,武昌区中北路世纪彩城（东亭地铁C出口世纪大厦旁）,48,598
193360519,皇仕虾皇（中南二路店）,4,武昌区中南二路10号,68,128
42437684,一品大虾（积玉桥店）,4.7,武昌区积玉桥万达美食金街8-30号商铺,41,180
745280,烤鱼家常菜馆（江汉路步行街店）,4.1,江汉区江汉一路46号（旋宫饭店对面）,39,1252
192926853,双喜海鲜大排档（江汉路店）,3.8,江汉区江汉二路108号（沈记烧烤旁）,95,13
737811,人和世家,4,武昌区张之洞路268号（7天连锁酒店斜对面.地铁4号线首义路站地铁C出口旁）,46,1577
5918255,腾寿司（江汉路店）,4.2,江汉区悦荟广场C座236号（原万达影院1楼4号门）,30,1711
1667235642,老佛爷炭火蛙锅（黄陂中百店）,0,黄陂区中百百货（中百百货第四层）,80,0
6052090,下一站奶茶文化专门店（福客茂店）,4.7,武昌区福客茂1层（美妃名发世家旁）,11,336
4154741,烤古屋花园烧烤酒屋（洞庭街店）,4.1,江岸区天津路7号（过江隧道出口，洞庭街天桥下巷内花园别墅）,86,489
194636481,集结號小郡肝火锅串串（江腾店）,4.5,汉阳区马鹦路江腾广场底商1-05,63,61
6424285,梁子湖大河蟹（澳门路店）,4.4,江岸区澳门路264号,56,1261
1899318,王中王蛋糕（板桥大道店）,4.1,黄陂区板桥大道147号,0,447
1195521179,叭茶,0,洪山区步行街南路光谷步行街火星美食城4楼（二月鲈美蛙鱼头背后）,12,8
5155828,牟记过桥米线,4,洪山区东湖高新教育中路湖北第二师范学院北门湖口社区进门口,11,1192
4014617,藤吉料理,4.4,武昌区南湖大道,20,476
1568032108,粗茶淡饭·蒸鲜（圈外店）,3.5,江汉区江兴路29号圈外创智中心,128,0
1032903,多喜西饼（光谷店）,5,洪山区珞喻路光谷步行街世界城新尚都1826号（光谷步行街广场车站必胜客旁通道上2楼电梯口）,17,1609
5360800,泡芙时代手工烘焙工坊（奥山世纪城店）,4.4,青山区和平大道819号奥山世纪城B1层,14,1544
193811601,鸟臣（yakitori）居酒屋,4.6,江汉区马场角小路马场小路64号（范湖地铁站H出口）,92,6
2472054,精武路第一家（总店）,4.3,江汉区解放大道888号美联都市大酒店附近（循礼门天桥下）,33,1102
5646903,BPS八布工坊（鲁巷广场购物中心店）,4.1,洪山区珞喻路726号鲁巷广场购物中心B1层,41,1255
184555046,故里他乡中餐厅,4.1,江夏区藏龙岛栗庙村阳光100大湖第七期第56幢1-2层130号,56,13
5877920,徐刀刀和她的鲜花饼们,4.3,武昌区昙华林25号,13,327
42960793,白熊甜品店（街道口店）,5,洪山区街道口未来城c1119（群光广场）,41,328
193392506,江南亘星酒店,3.5,武昌区临江大道57号新生路江南亘星酒店内,90,5
4131099,小派鸡排（文昌店）,4,蔡甸区文昌街120号,9,360
4820371,虾皇（汉阳直营店）,3.7,汉阳区拦江路地铁站B出口前行300米右手路边2楼商铺，锦绣二路希尔顿酒店旁（地铁拦江路站B出口东行300米）,89,2258
185164925,B.S.T 悦法餐厅,5,武昌区楚汉路壹号公馆2-5-20商铺,306,2
40485199,鑫农家大院（余家头店）,5,武昌区和平大道余家头公交站和平大世界与金鑫国际建材家居和平广场对面,33,305
1557962,辣香轩（悦荟广场店）,3.5,江汉区民生路176号悦荟广场1层B117（地铁二号线江汉路站B出口下）,34,1496
169124533,淘嘟妈创意烘焙,5,洪山区统建天成美景8-1-703光谷火车站地铁站附近,52,84
742810,华利尔蛋糕,4.6,青山区建设二路2#,8,606
4238564,太子鲜酒店,4,阳逻街区阳光大道439号,48,134
99232744,达大烧烤,5,武昌区八一路东湖村95号,47,236
40176872,名嘉蛋糕（08经典店）,3.4,黄陂区巨龙大道盘龙城08经典28号临街商铺A13号,10,397
42329740,冒缘成都冒菜,3.8,洪山区平安路227号（中央花园门面）,21,829
743253,长野屋日本料理,4.5,江岸区高雄路171号附1号,95,145
1891870,夏老幺活鱼馆,4.9,江岸区兰陵路23号（八七会议会址纪念馆斜对面）,36,312
42962550,经典坊家常菜,4.1,武昌区徐东大街都市经典A栋一层,46,343
182130425,川页重庆牛油火锅,5,青山区和平大道奥山世纪广场后街招商银行旁,72,54
88883526,幸福西饼蛋糕（高新四路店）,4.8,江夏区高新四路葛洲坝太阳城1栋504室,113,1940
5344370,吾饮良品（田园车站店）,4.3,江岸区发展大道474号（田园小区东面公交站台旁）,10,386
193149010,潮牛壹号鲜牛肉火锅（光谷天地店）,4.1,洪山区关山大道光谷天地一期二楼（西贝对面）,81,105
5457241,久记猪肚鸡,4,江汉区马场角路，新世纪都市花园附近，崇一阁茶楼旁,53,183
740869,小镇故事香辣虾（鲁磨路店）,3.8,洪山区鲁磨路243号国光大厦1楼（原258香辣虾鲁磨路店）,45,2439
195215144,神荼料理（民族大学店）,5,洪山区民族大道中南民族大学北区学生公寓临街商铺2楼（华莱士炸鸡汉堡右侧二楼）,57,46
50580593,一菲蛋糕坊,4.2,洪山区虎泉街64号,240,186
4496385,蛋糕心语（蔡甸一店）,4.1,蔡甸区汉阳大街70附2号,10,805
52444252,丸美·自助料理 ·铁板烧（中城国际店）,5,江岸区京汉大道1238号中城国际广场一楼（中百仓储旁）,216,812
4950082,老街烧烤（大花岭店）,3.4,洪山区金樱街鸿发大厦A座一楼（欢唱ktv旁）,47,695
2730735,爱可西饼（汉南店）,3.8,汉南区中心城区汉南大道362号（近客运站）,0,284
177900051,三镇卤货二公司（汉街店）,4.7,武昌区武昌区松竹路楚河汉街三街区环球国际中心2号楼底商内街s2-13（小龙坎背后）,50,224
5100475,程厨子（光谷店）,5,洪山区关山梳子桥广厦华庭5栋1层,44,1449
40506522,帝诺西饼（财大店）,4.4,洪山区南湖大道光谷时尚城商业步行街,14,427
101567980,大可先生老坛酸菜鱼（岳家嘴店）,4,洪山区杨园南路星巴克正对面,59,158
6550104,红辣椒麻辣前卫火锅（佳海工业园店）,4.6,黄陂区盘龙城巨龙大道佳海工业园内宋岗路N区11-3号（尊响ktv旁）,51,384
6708574,友禾寿司日式料理（二中店）,5,江岸区永清街郝梦龄路6号,15,495
178092163,菲可牛排（银泰创意城店）,3.4,洪山区珞喻路银泰创意城8楼,54,733
4209771,西门炊牛,4,洪山区武汉工程大学流芳校区西门泰塑公寓A2-06,43,319
4943489,潜江人家（江滩店）,4.1,江汉区青岛路6号（近汉口江滩大门）,47,932
101567980,大可先生老坛酸菜鱼（岳家嘴店）,4,洪山区杨园南路星巴克正对面,59,158
4732808,徐记老好人蛋糕（大转盘店）,4.2,阳逻街区阳光大道198号中国银行旁边（良品铺子隔壁）,17,597
41345002,楚湘缘（龙兴路店）,4.3,汉阳区龙兴东街与芳草路交叉口西侧(芳草路口公交站旁),33,105
178092163,菲可牛排（银泰创意城店）,3.4,洪山区珞喻路银泰创意城8楼,54,733
5038452,梅花王蛋糕（江夏店）,5,江夏区藏龙岛长咀村749号（武汉软件工程职业学院后街长咀农贸综合市场）,10,482
41814942,京味楼老北京涮羊肉,3.6,江岸区台北一路11号（云林街与台北一路交叉口）,81,312
193903534,十六號洋房·寻觅,5,江岸区兰陵路2号附1-2（兰陵梵舍酒店旁）,150,2
5626663,麦香园创意蛋糕（国税店）,4.4,江夏区古驿道国税局旁（纸坊街古驿道172号）,0,341
6114335,金苹果蛋糕（新福路店）,4.1,蔡甸区新福路十字路口26号附1（老红绿灯路口）,8,160
195873580,渝井鲤重庆大排档（粮道街店）,5,武昌区粮道街棋盘街26号,26,49
4431076,金苹果蛋糕（一初老街店）,4.1,江夏区兴新街76号（江夏第一初级中学对面中国银行旁）,37,554
748088,派乐汉堡（海林广场店）,4,东西湖区东吴大道975号（海林广场斜对面）,15,241
192233565,红军龙虾馆,3.3,江岸区苗栗路12号台北沁园1-2商铺（老友记旁）,124,19
6031008,醉食汇,3.7,江汉区新湾二路地铁长港路站旁，中国移动湖北总公司正对面,49,782
4369513,高味美黄焖鸡米饭,3.9,青山区红钢四街二号(钢城大厦一楼),17,1169
190306685,得億火锅,4,江汉区新华路458号鸣笛1988,371,0
40063512,甜心芝语,4.6,洪山区南湖李纸路22号拉德芳斯美食购物街负一楼仟佰客超市内（华科武昌分校对面/湖北工业大学对面）,8,240
2557385,雪莱蛋糕（云鹤店）,4.3,硚口区古田四路云鹤小区314栋-102室（云鹤园东北）,0,153
193526717,乔叶龙老武汉烧烤（王家湾店）,3,汉阳区龙阳湖东路中央生活区沿街商铺,63,29
2473491,渝家菜馆,4.7,江岸区黄孝河路91号（新宇大厦对面）,43,1532
1894492,华莱士炸鸡汉堡,3.7,江岸区惠济路长航酒店前（中百超市旁）,20,418
190806872,心焙坊蛋糕（街道口未来城店）,5,洪山区洪山区珞狮南路147号未来城C座9楼911,109,127
51145918,依伊私房蛋糕,5,东西湖区马池路银湖九号（轻工大学南2门斜对面）,30,49
2753763,斌斌农家私房菜,3.6,青山区七棉路与和平大道交叉口西北100米,38,42
195155733,曼哈顿美式餐吧（沌口店）,3.5,蔡甸区万科翡翠玖玺商业街,118,0
766091,洞庭水鱼,3.8,武昌区水果湖惠明路欧式街（省委三食堂旁）,50,1435
41182876,妙咖啡,5,武昌区洪山路45号4单元101室（省直招待所 中百仓储水果湖店）,33,75
1222731181,有点烫麻辣干拌料理（银泰创意城店）,3.5,洪山区珞喻路银泰创意城B1西西弗书店旁,27,6
42182732,科林伍德咖啡吧,5,江岸区永清小路2号（武商量贩正对面）,31,104
41349174,吾饮良品,4.8,武昌区彭刘杨西路汉飞逛逛街3号楼3119室（司门口天桥美特斯邦威旁边）民主路司门口天桥美特斯邦威旁（快捷酒店旁）,9,95
187289521,乔叶龙老武汉烧烤（关山漾店）,3.7,洪山区关山大道473号光谷新发展国际中心二楼,60,28
41063503,江申蛋糕（四贤路总店）,4.1,江夏区四贤路县医院北,58,168
41011439,幸运村松滋鸡,4.5,东西湖区田园路222号（公民酒店旁）,40,172
194356997,太善南洋茶餐厅（经开永旺店）,4,蔡甸区江城大道永旺梦乐城1层NO.A170b,77,1
5788720,梅花王蛋糕（吴祁街店）,5,东西湖区东吴家山小区10栋1单元102室（吴祁街63号）,136,413
6770343,米兰餐厅,4.3,东西湖区金南一路129-130号（东方马城对面）,43,117
193302100,大汉口虾神烧烤（时代店）,4.5,汉阳区梅林七街广电兰亭时代2期3号商铺（好邦中百超市旁）,79,0
5069885,梅花王蛋糕,3.8,硚口区解放大道457号东北（十七中学旁）,34,244
2437577,上尚鲜鱼荘,4.1,洪山区卓刀泉北路特1号(近大唐沐足),43,187
88412851,赤熊（凯德1818店）,4.5,武昌区中北路凯德1818负一楼B55,36,50
737652,矮子晶威甲鱼酒楼,3.9,硚口区硚口路166号（城市快捷酒店1楼，原快乐海鲜城隔壁）,49,719
4371469,海庭-新悦风味餐厅,4.3,洪山区民族大道124号（光谷资本大厦旁）（近距地铁光谷广场站约252米C出口处）,43,372
85161886,一棠龙虾（武汉天地店）,3.4,江岸区芦沟桥路68号武汉天地A4地块一期2-1号楼（芦沟桥路中山大道口）,100,265
6891084,杨铭宇黄焖鸡米饭（前进二路店）,3.9,江汉区前进二路33-59号（楚宝公寓斜对面）,0,306
42348237,江湖传说音乐串吧,4.1,江夏区纸坊镇兴苑街南郡帝苑4-3号门面（文化大道）,67,178
85161886,一棠龙虾（武汉天地店）,3.4,江岸区芦沟桥路68号武汉天地A4地块一期2-1号楼（芦沟桥路中山大道口）,100,265
5176337,樱上槿日式料理,3.8,新洲区中心城区邾城街邾城大街203号,18,308
5817578,麦客蛋糕（现代花园店）,4.3,洪山区友谊大道973号（工业四与友谊大道基础口现代花社区A区公交车站正后面）,20,262
1331466406,大魔Queen烧肉专门店（街道口店）,4.4,洪山区珞喻路87号赛博珞珈胡同二楼（银泰旁乘坐诚顺和中医馆旁直达电梯上二楼）,117,13
42834204,木兰草原乡情川菜馆,5,黄陂区043县道木兰草原停车场旁（草原新村内，草原新村台阶上去右转直行30米）,32,100
1895201,高家全羊馆（紫砂路总店）,4.1,武昌区紫沙路60号,46,234
192489373,三镇卤货二公司（江汉路店）,3.8,江汉区江汉路187号M+购物中心3号门外负一楼（台盖和星巴克咖啡旁下沉广场内）,48,51
50053099,乐活鲜鱼岛,3.8,阳逻街区平江西路57号（阳逻车站对面，半岛花园旁边）,34,177
4277939,好来西烘焙（大花岭店）,4,洪山区红花路大花岭小区D5栋,15,346
193303416,湘妹湖南菜馆（四新店）,3.5,汉阳区汉阳区四新南路,50,4
40166044,余庄回民烧烤（硚口店）,4.3,硚口区京汉大道366号（近中石化加油站天然气有限公司旁）,49,356
6631525,吾饮良品（江大2号门店）,3.9,蔡甸区江汉大学路口2号门（博学路三角湖路交叉口东南角）,9,401
169341179,仙人寿司·精致料理专门店（江汉路店）,5,江汉区前进五路28号（大洋百货对面，近水塔消防局）,94,0
2753014,黄陂土菜,4,江岸区三元里4号1栋1-2层,33,435
5626173,友芝友,5,黄陂区巨龙大道盘龙城F空港中心城1-3号（中国国际航空公司斜对面）,20,147
193398526,徐记海鲜（光谷创业街店）,3.5,洪山区关山大道111号光谷时代广场4楼,240,0
40985494,余庄回民烧烤（万锦江城店）,4.3,江岸区温馨路万锦江成西南2门南行20米,57,49
5186235,妙角士蛋糕,4.5,江夏区经济开发区经济开发区藏龙岛办事处梁山头商业街（经济学院正对面）A栋,6,53
179216998,澳麦菲生日蛋糕&DIY蛋糕&甜品台茶歇（广埠屯店）,3.8,洪山区广八路广埠屯地铁K出口对面（乐果水果店隔壁二楼）,21,257
40835320,圣子王蛋糕西饼,4.1,黄陂区盘龙城名流人和天地润和园401栋1层5室,8,103
4394103,派乐汉堡（钢城一小店）,5,青山区辽宁街钢花新村119街坊5号附1号（钢花中学斜对面）,15,190
193208901,红火菜馆老中原燕子烧烤（菱角湖店）,4,江汉区唐家墩路44附6号,69,39
42680081,知青大锅台,4.7,东西湖区东三店吴北路123号老纽兰药业厂内,41,95
1896755,华康蛋糕,4.1,江岸区田元二村24号2单元1层4室,15,57
1438171475,昔木蛋糕（万达店）,5,江汉区新华西路菱角湖万达广场A区A幢A3单元16层11号房,0,62
4099477,梅花西饼（康乐路店）,4.6,青山区康乐路11附4号（喜结良缘婚礼馆西行20米）,16,151
52448728,郭场火锅鸡,4.5,黄陂区巨龙大道下集还建小区麦道夫面馆斜对面（名流城市广场对面）,35,212
150558558,善橱土菜,3.5,武昌区武珞路五巷凯乐花园5号门旁,100,4
2544364,仙品海参帅府店（八一路店）,4.3,武昌区八一路98号帅府店一楼（中科院分院斜对门）,237,211
4198633,三五酒店（蔡甸店）,4.5,蔡甸区新福路8号,28,59
40667683,万里香龙虾（南湖店）,4,武昌区丁字桥南路与岭南路交界处（南湖汽配城斜对面）,72,290
65354079,万岁寿司（世界城广场店）,3.8,洪山区珞喻路726号世界城广场B1层（地铁珞雄路站B出口）,65,3622
4840132,周记食品鸭脖文化展览馆,3.9,江汉区常青路65号,13,519
195196033,安妮贝可生日蛋糕（光谷店）,5,洪山区康福路B5商-23号,0,175
5011963,蜜菓の蜜制鲜饮（金地自在城店）,4.3,洪山区仁和路金地自在城1期,9,128
40168277,唯客多（碧湖店）,4.3,蔡甸区三角湖路官湖景珠1楼门面,15,198
164308276,一棠龙虾（汉街店）,3,武昌区楚河汉街第三街区药圣广场,151,87
42774561,冰煮羊私房菜（风情镇店）,4.3,汉阳区拦江路鹦鹉美食风情镇3栋3-6号,50,284
6967867,Taste尝鲜,4.2,江岸区台北一路15号,43,42
797845765,囍凤堂,3.5,东西湖区金银湖路9号十方商业街S2栋一层3、4、5商铺,0,0
6478403,雪祺蛋糕,4.4,江汉区常青五路35号,31,42
4020652,仟禧蛋糕（杨泗庙店）,4.1,汉阳区鹦鹉大道446号金桥港湾花园（杨泗庙公交站）,9,173
195797621,唐人J龙虾烧烤工场,3.5,蔡甸区太子湖北路芳草二路218号,65,0
42484575,冒艺成都冒菜,3.5,武昌区中北路233号世纪彩城E区丽苑1层3室,29,42
41807942,瑞丰蛋糕（武汉工程大学店）,5,洪山区虎泉街卓豹路366号（光谷地铁站）,15,265
1146736222,慕喜客蛋糕（青山店）,5,青山区冶金大道9号健吾公馆三期公寓式酒店5层509室,59,57
40920557,扇味黄焖鸡米饭（民主路一店）,3.5,武昌区中北路姚家岭红岭小区路口,15,59
4200990,瑞丰蛋糕（杨家湾店）,5,洪山区雄楚大道666号商贸学院后街（杨家湾沃尔玛）,19,220
195840820,蒋先生川菜馆（8090商业街店）,0,江夏区金桂街名城8090商业街2楼,58,0
6046402,卡布基诺蛋糕,4.2,洪山区恒安路成功花园A区门口,10,75
1551285,楚乐鲜酒家（台北二路店）,4.5,江岸区台北二路90号,34,227
187122353,启达西饼生日蛋糕（汉阳店）,5,汉阳区罗七路代李湾11号（国信馨园商铺1层15号）,0,587
796624,楚天粤海国际大酒店（香榭西餐厅自助）,4.5,武昌区武昌东湖路181号（湖北省博物馆对面）,115,365
41319744,陈大傻黑鸭（平江路店）,4.5,阳逻街区阳逻街阳光大道104号,30,161
1814195909,喵与喵寻（猫咖体验馆）,4.9,江岸区沿江大道江景大厦B座23c,63,23
5357335,王记正宗北京烤鸭,4.8,江岸区车站路天声街13号附2（天声生鲜食品市场对面）,11,348
2542788,奇米克蛋糕店（南湖温馨苑店）,4.4,洪山区南湖恒安路与瑞安路交叉口工商银行隔壁（中百超市旁）,33,457
195248282,百利合生日蛋糕（街道口店）,4.5,洪山区珞狮路南国大家装A3栋,0,10
6424201,思味特手工烘培坊,4.5,洪山区园艺文化街红霞名苑小区12-2-301,0,37
4955916,优乐滋蛋糕,4.4,黄陂区盘龙城刘店汉北康城1栋16号,0,128
193392894,老虎山台湾黑糖虎纹专卖店（群星城店）,4.1,武昌区群星城五楼,16,28
6255375,家食府私房菜,4.4,江汉区姑嫂树路长港路路口6号（姑嫂树集贸市场旁）,42,23
4944413,小厨香（万达广场店）,4.9,蔡甸区沌口经开万达金街s21号（武汉体育中心）,11,45
81456014,百合蛋糕（虎泉店）,5,洪山区虎泉街91附（华师，理工大，武大附近）,0,606
4612222,柏银壹号生态农庄,5,东西湖区陈家湾附近,48,250
6510966,筱雅蛋糕,3.8,洪山区中南财经政法大学堂附近,0,45
152770521,米兰西饼生日蛋糕（中南店）,5,武昌区丁字桥路文安街中南SOHO城1单元13层3号,80,106
42668820,徐老二虾鲜鱼活馆,3.9,洪山区雄楚大道工商银行对面（安聚缘酒店旁）,80,10
741656,嘉仕麦蛋糕,4.8,江岸区台北路215号（天门墩公交车站附近）,12,126
83527178,胖子汤王,5,江汉区民意一路38号7天酒店对面,20,55
741786,锦江国际锦绣西餐厅,3.5,江汉区汉口建设大道707号武汉锦江国际大酒店1楼,97,54
737489,新华诺富特福满楼中餐厅,4.3,江汉区汉口建设大道558号新华诺富特大饭店2楼（近西北湖广场）,102,54
194496756,大北东北小吃,4,江汉区三新横街临14号（四川乐山烧烤王正对面）,15,25
40740827,余庄回民烧烤（鲁磨路店）,4.5,洪山区鲁磨路175号759公交总站内,52,58
1907594,蓝天宾馆·中餐厅,4.3,硚口区解放大道1049号蓝天宾馆内（近宝丰路）,36,2296
195229086,PaulFrank Tea 大嘴猴茶（光谷步行街店）,4.7,洪山区光谷步行街澳门美食城三楼大嘴猴paul frank,17,118
742985,艾客莱酒店（汉口火车站花桥店）,5,江岸区黄孝河路49号（竹叶山地铁站C1出口，地铁3号线惠济二路J出口）,41,3606
52797492,米可寿司,4.3,硚口区武胜路武胜西街18号人信武胜里2号楼1楼,23,25
193468330,摩卡cake私房蛋糕,5,江岸区姑嫂树路12号南国北都城市广场1栋12层11室,77,143
747877,曼罗曼蒂手工巧克力蛋糕坊（徐东店）,3.9,武昌区徐东二路欧洲花园十栋四单元402室（近新世界百货）,30,94
76065247,三清洞摩西（永旺梦乐城店）,3.7,蔡甸区江城大道388号永旺梦乐城A馆1层,48,2758
193383434,子椰良品,4.4,江汉区武商路356号国际广场负一楼武商超级生活馆旁08号,31,30
93846814,广隆蛋挞王（银泰创意城店）,5,洪山区珞瑜路35号银泰创意城负一楼019号,10,4577
5364876,鲜见之明（汉商21世纪店）,5,汉阳区汉阳大道577号汉商21世纪购物中心4楼（冰雪奇缘隔壁）,38,16589
193189308,随便炸炸（工程大学店）,3.5,洪山区金融港一路A036号,18,0
2464754,捞旺猪肚鸡（光谷店）,5,洪山区珞瑜路887号（鲁巷购物广场斜对面，碧水花园旁边）,66,19527
4321043,锅内锅外（珞珈创意城店）,4.1,洪山区珞喻路35号珞珈创意体验城9F（近地铁2号线街道口C出口）,80,35797
182431783,牡丹弄茶（红坊里店）,4.3,青山区八大家红坊里39-3栋1层  茶楼营业早10点至晚7点/清吧营业晚7点至次日2点（光头卤商铺侧边）,30,15
1461052,唐人曾虾滑火锅（街道口店）,4.5,洪山区珞喻路1号街道口新世界百货5楼,81,2348
42239635,金滏山自助烤肉（司门口店）,4.2,武昌区司门口大成路与解放路交叉口肯德基3楼,45,45545
195802978,山楂与薄荷冰粉,4.5,武昌区粮道街285号附17、19,11,2
52110968,渔港烤鱼,4.3,江夏区文化路中百广场4楼,46,9700
6640545,蓝农·果木牛排西餐厅（银泰创意城店）,4.5,洪山区珞瑜路35号银泰创意城9层,89,6157
194455264,爷爷泡的茶（经开万达广场店）,3.8,蔡甸区经开金街东风大道万达广场3L3065,17,72
6487500,和记鲶鱼（光谷店）,3.7,洪山区意大利风情街5号楼5楼（教堂背后）,46,2006
748049,十六中汉堡店,5,青山区工业二路‎钢城十六中旁,16,101
195031974,ALL VINTAGE-coffee,3.5,武昌区松竹路汉街198号,20,2
42659752,小厨房时尚餐厅（佰港城店）,5,洪山区文治街与丁字桥南路交叉路口东南角佰港城2层,33,15131
737773,胖锅轩（新华路店）,3.9,江汉区新华下路8号（江汉区政府正对面）,66,8817
194455591,爷爷泡的茶（菱角湖万达广场店）,4.4,江汉区菱角湖万达广场3L3061AB,17,44
40255912,凯撒尔新疆特色主题餐厅（青山店）,4.3,青山区友谊大道109街921号,53,4371
5669134,北纬37度创意料理（南湖总店）,5,洪山区文馨街南湖中央广场美食一条街中段F1-096门面,36,2885
195016058,鸡哩呱辣（汉街店）,3.8,武昌区中北路8号（带路美食城门口）,23,23
1898892,颐和尚景园林生态酒店（光谷店）,5,洪山区东湖新技术开发区光谷创业街66号（地铁2号线佳园路站C出口向东500米）,88,4396
1138578,富贵轩（唐家墩店）,4.9,江岸区发展大道299号顶琇晶城9号楼（近唐家墩路）,73,2535
193881198,Lamour 慕法式西点·饮品咖啡,4.8,硚口区园博园东路9号汉口里3-2-5（钟楼广场戏台下）,30,22
64736352,D38刁叉湖大闸蟹龙虾,4.1,东西湖区北冰洋广场B1楼生鲜超市D38号,22,614
2649357,高铁凯瑞国际酒店梦江南餐厅,4.1,江夏区藏龙岛特1号高铁凯瑞酒店一楼,55,1295
159966795,三一春分咖啡馆（经开万达店）,4.6,蔡甸区东风大道111号万达广场金街S57、S58、S59商铺,27,18
41377617,醉太羊（光谷天地店）,4.1,洪山区关山大道519号光谷天地3层（沃尔玛旁）,80,5064
2753177,彼岸咖啡,5,江汉区金墩路8号陕西大厦1楼,24,90
193971005,不远咖啡,4.5,汉阳区人信汇天誉7栋301,33,0
743664,李二鲜鱼（纸坊体育馆店）,3.7,江夏区四贤路38号(江夏报社旁，体育馆附近),60,192
42991808,红巴月老火锅（工业三路店）,4.5,青山区工业三路与随州街交汇处天伦107公馆底商,58,4143
195161560,杨家风味（常码头店）,3.5,硚口区发展大道29号附1号,0,0
42972836,哥瑞特蛋糕（光谷天地店）,4.4,洪山区南湖大道光谷天地F区,46,818
42823572,心语蛋糕,3.5,洪山区白沙洲大道张家湾建材路34号,0,39
195126490,花之蜜语蛋糕店（王家湾店）,4.1,汉阳区汉商21世纪购物中心4楼（地铁H出口3号观光梯4楼右转）,16,6
40763348,蜜时cake,5,江汉区常飞街40号楚天都市金园6栋7号门面,112,1280
52306680,土灶满锅香（森林动物园店）,3.9,洪山区东湖高新森林大道九峰森林动物园斜对面（收费站旁）,30,29
